1,Anna,Schmidt,anna.schmidt@example.com,030-1234567,123 Hauptstraße,Berlin,BE,10115
2,Benjamin,Koch,benjamin.koch@example.com,040-9876543,456 Eichenweg,Hamburg,HH,20095
3,Carolin,Wagner,carolin.wagner@example.com,089-5555555,789 Birkenweg,München,BY,80331
4,Daniel,Müller,daniel.mueller@example.com,030-2345678,234 Ahornstraße,Berlin,BE,10117
5,Elisabeth,Schulze,elisabeth.schulze@example.com,040-8765432,567 Fichtenweg,Hamburg,HH,20097
6,Frank,Fischer,frank.fischer@example.com,089-4444444,123 Buchenstraße,München,BY,80333
7,Gabriele,Schmidt,gabriele.schmidt@example.com,030-3456789,456 Kiefernpfad,Berlin,BE,10119
8,Hans,Koch,hans.koch@example.com,040-7654321,789 Eichenstraße,Hamburg,HH,20099
9,Ingrid,Wagner,ingrid.wagner@example.com,089-6666666,234 Ulmenweg,München,BY,80335
10,Jan,Becker,jan.becker@example.com,030-4567890,567 Tannenstraße,Berlin,BE,10121
11,Katrin,Meyer,katrin.meyer@example.com,040-6543210,123 Ahornweg,Hamburg,HH,20144
12,Lars,Schulz,lars.schulz@example.com,089-7777777,456 Buchenweg,München,BY,80336
13,Maria,Weber,maria.weber@example.com,030-5678901,789 Kieferngasse,Berlin,BE,10123
14,Nina,Schmitt,nina.schmitt@example.com,040-5432109,234 Eichenweg,Hamburg,HH,20146
15,Oliver,Kühn,oliver.kuehn@example.com,089-8888888,567 Fichtenstraße,München,BY,80337
16,Paul,Krause,paul.krause@example.com,030-6789012,789 Lindenstraße,Berlin,BE,10125
17,Regina,Lehmann,regina.lehmann@example.com,040-4321098,234 Tannenweg,Hamburg,HH,20148
18,Sebastian,Huber,sebastian.huber@example.com,089-9999999,567 Kiefernpfad,München,BY,80339
19,Tina,Lang,tina.lang@example.com,030-7890123,789 Buchenstraße,Berlin,BE,10127
20,Ulrich,Wolf,ulrich.wolf@example.com,040-3210987,234 Ahornweg,Hamburg,HH,20149
21,Veronica,Schulz,veronica.schulz@example.com,089-1010101,567 Eichenstraße,München,BY,80341
22,Xaver,Schmidt,xaver.schmidt@example.com,030-8901234,789 Tannenstraße,Berlin,BE,10129
23,Yasmin,Martin,yasmin.martin@example.com,040-2109876,234 Kieferngasse,Hamburg,HH,20152
24,Zacharias,Schmitt,zacharias.schmitt@example.com,089-1212121,567 Fichtenstraße,München,BY,80343
25,Anna,Krüger,anna.krueger@example.com,030-9012345,789 Lindenstraße,Berlin,BE,10131
26,Benjamin,Werner,benjamin.werner@example.com,040-1098765,234 Buchenstraße,Hamburg,HH,20154
27,Carolin,Schwarz,carolin.schwarz@example.com,089-1313131,567 Tannenweg,München,BY,80345
28,Daniel,Lehmann,daniel.lehmann@example.com,030-1234509,789 Ahornstraße,Berlin,BE,10133
29,Elisabeth,Hofmann,elisabeth.hofmann@example.com,040-9876501,234 Eichenweg,Hamburg,HH,20157
30,Frank,Baumgärtner,frank.baumgaertner@example.com,089-1111111,567 Ahornstraße,München,BY,80347
31,Gabriele,Herzog,gabriele.herzog@example.com,030-3456789,789 Buchenstraße,Berlin,BE,10135
32,Hans,Kühn,hans.kuehn@example.com,040-7654321,234 Kieferngasse,Hamburg,HH,20158
33,Ingrid,Becker,ingrid.becker@example.com,089-6666666,567 Fichtenstraße,München,BY,80349
34,Jan,Weiss,jan.weiss@example.com,030-2345678,789 Lindenstraße,Berlin,BE,10137
35,Katrin,Peter,katrin.peter@example.com,040-6543210,234 Ahornstraße,Hamburg,HH,20159
36,Lars,Meyer,lars.meyer@example.com,089-7777777,567 Eichenweg,München,BY,80351
37,Maria,Schulze,maria.schulze@example.com,030-3456789,789 Tannenweg,Berlin,BE,10139
38,Regina,Sommer,regina.sommer@example.com,040-7654321,234 Buchenstraße,Hamburg,HH,20161
39,Sebastian,Hofmann,sebastian.hofmann@example.com,089-8888888,567 Kieferngasse,München,BY,80353
40,Tina,Schneider,tina.schneider@example.com,030-2345678,789 Fichtenstraße,Berlin,BE,10141
41,Ulrich,Wolf,ulrich.wolf@example.com,040-6543210,234 Kiefernpfad,Hamburg,HH,20163
42,Veronica,Lang,veronica.lang@example.com,089-1010101,567 Ahornstraße,München,BY,80355
43,Xaver,Schulz,xaver.schulz@example.com,030-8765432,789 Lindenstraße,Berlin,BE,10143
44,Yasmin,Martin,yasmin.martin@example.com,040-9876543,234 Tannenweg,Hamburg,HH,20165
45,Zacharias,Schmitt,zacharias.schmitt@example.com,089-1111111,567 Buchenstraße,München,BY,80357
46,Anna,Krüger,anna.krueger@example.com,030-9876543,789 Kieferngasse,Berlin,BE,10145
47,Benjamin,Werner,benjamin.werner@example.com,040-8765432,234 Eichenweg,Hamburg,HH,20167
48,Carolin,Schwarz,carolin.schwarz@example.com,089-5555555,567 Fichtenstraße,München,BY,80359
49,Daniel,Lehmann,daniel.lehmann@example.com,030-9012345,789 Buchenstraße,Berlin,BE,10147
50,Elisabeth,Hofmann,elisabeth.hofmann@example.com,040-4321098,234 Fichtenstraße,Hamburg,HH,20170
51,Frank,Baumgärtner,frank.baumgaertner@example.com,089-3333333,567 Ahornstraße,München,BY,80361
52,Gabriele,Herzog,gabriele.herzog@example.com,030-1234509,789 Lindenstraße,Berlin,BE,10149
53,Hans,Kühn,hans.kuehn@example.com,040-9876501,234 Kiefernpfad,Hamburg,HH,20172
54,Ingrid,Becker,ingrid.becker@example.com,089-2222222,567 Eichenweg,München,BY,80363
55,Jan,Weiss,jan.weiss@example.com,030-2345678,789 Tannenweg,Berlin,BE,10151
56,Katrin,Peter,katrin.peter@example.com,040-8765432,234 Buchenstraße,Hamburg,HH,20174
57,Lars,Meyer,lars.meyer@example.com,089-5555555,567 Kieferngasse,München,BY,80365
58,Maria,Schulze,maria.schulze@example.com,030-3456789,789 Ahornstraße,Berlin,BE,10153
59,Regina,Sommer,regina.sommer@example.com,040-6543210,234 Eichenweg,Hamburg,HH,20176
60,Sebastian,Hofmann,sebastian.hofmann@example.com,089-1010101,567 Fichtenstraße,München,BY,80367
61,Tina,Schneider,tina.schneider@example.com,030-9012345,789 Lindenstraße,Berlin,BE,10155
62,Ulrich,Wolf,ulrich.wolf@example.com,040-4321098,234 Tannenweg,Hamburg,HH,20178
63,Veronica,Lang,veronica.lang@example.com,089-1212121,567 Buchenstraße,München,BY,80369
64,Xaver,Schulz,xaver.schulz@example.com,030-1234509,789 Kiefernpfad,Berlin,BE,10157
65,Yasmin,Martin,yasmin.martin@example.com,040-9876501,234 Ahornstraße,Hamburg,HH,20180
66,Zacharias,Schmitt,zacharias.schmitt@example.com,089-1313131,567 Eichenweg,München,BY,80371
67,Anna,Krüger,anna.krueger@example.com,030-2345678,789 Tannenweg,Berlin,BE,10159
68,Benjamin,Werner,benjamin.werner@example.com,040-7654321,234 Buchenstraße,Hamburg,HH,20182
69,Carolin,Schwarz,carolin.schwarz@example.com,089-6666666,567 Kieferngasse,München,BY,80373
70,Daniel,Lehmann,daniel.lehmann@example.com,030-3456789,789 Fichtenstraße,Berlin,BE,10161
71,Elisabeth,Hofmann,elisabeth.hofmann@example.com,040-6543210,234 Lindenstraße,Hamburg,HH,20184
72,Frank,Baumgärtner,frank.baumgaertner@example.com,089-5555555,567 Ahornstraße,München,BY,80375
73,Gabriele,Herzog,gabriele.herzog@example.com,030-2345678,789 Kiefernpfad,Berlin,BE,10163
74,Hans,Kühn,hans.kuehn@example.com,040-8765432,234 Eichenweg,Hamburg,HH,20186
75,Ingrid,Becker,ingrid.becker@example.com,089-4444444,567 Tannenweg,München,BY,80377
76,Jan,Weiss,jan.weiss@example.com,030-9012345,789 Buchenstraße,Berlin,BE,10165
77,Katrin,Peter,katrin.peter@example.com,040-4321098,234 Kieferngasse,Hamburg,HH,20188
78,Lars,Meyer,lars.meyer@example.com,089-8888888,567 Fichtenstraße,München,BY,80379
79,Maria,Schulze,maria.schulze@example.com,030-2345678,789 Lindenstraße,Berlin,BE,10167
80,Regina,Sommer,regina.sommer@example.com,040-6543210,234 Tannenweg,Hamburg,HH,20190
81,Sebastian,Hofmann,sebastian.hofmann@example.com,089-5555555,567 Kiefernpfad,München,BY,80381
82,Tina,Schneider,tina.schneider@example.com,030-2345678,789 Fichtenstraße,Berlin,BE,10169
83,Ulrich,Wolf,ulrich.wolf@example.com,040-6543210,234 Kiefernpfad,Hamburg,HH,20192
84,Veronica,Lang,veronica.lang@example.com,089-1010101,567 Ahornstraße,München,BY,80383
85,Xaver,Schulz,xaver.schulz@example.com,030-8765432,789 Lindenstraße,Berlin,BE,10171
86,Yasmin,Martin,yasmin.martin@example.com,040-9876543,234 Tannenweg,Hamburg,HH,20194
87,Zacharias,Schmitt,zacharias.schmitt@example.com,089-1111111,567 Buchenstraße,München,BY,80385
88,Anna,Krüger,anna.krueger@example.com,030-9876543,789 Kieferngasse,Berlin,BE,10173
89,Benjamin,Werner,benjamin.werner@example.com,040-8765432,234 Eichenweg,Hamburg,HH,20196
90,Carolin,Schwarz,carolin.schwarz@example.com,089-5555555,567 Fichtenstraße,München,BY,80387
91,Daniel,Lehmann,daniel.lehmann@example.com,030-9012345,789 Buchenstraße,Berlin,BE,10175
92,Elisabeth,Hofmann,elisabeth.hofmann@example.com,040-4321098,234 Fichtenstraße,Hamburg,HH,20198
93,Frank,Baumgärtner,frank.baumgaertner@example.com,089-3333333,567 Ahornstraße,München,BY,80389
94,Gabriele,Herzog,gabriele.herzog@example.com,030-1234509,789 Lindenstraße,Berlin,BE,10177
95,Hans,Kühn,hans.kuehn@example.com,040-9876501,234 Kiefernpfad,Hamburg,HH,20249
96,Ingrid,Becker,ingrid.becker@example.com,089-2222222,567 Eichenweg,München,BY,80331
97,Jan,Weiss,jan.weiss@example.com,030-2345678,789 Tannenweg,Berlin,BE,10179
98,Katrin,Peter,katrin.peter@example.com,040-8765432,234 Buchenstraße,Hamburg,HH,20251
99,Lars,Meyer,lars.meyer@example.com,089-5555555,567 Kieferngasse,München,BY,80333
100,Maria,Schulze,maria.schulze@example.com,030-3456789,789 Ahornstraße,Berlin,BE,10181
101,Regina,Sommer,regina.sommer@example.com,040-6543210,234 Eichenweg,Hamburg,HH,20253
102,Sebastian,Hofmann,sebastian.hofmann@example.com,089-6666666,567 Fichtenstraße,München,BY,80335
103,Tina,Schneider,tina.schneider@example.com,030-2345678,789 Lindenstraße,Berlin,BE,10183
104,Ulrich,Wolf,ulrich.wolf@example.com,040-9876501,234 Kiefernpfad,Hamburg,HH,20255
105,Veronica,Lang,veronica.lang@example.com,089-1010101,567 Ahornstraße,München,BY,80337
106,Xaver,Schulz,xaver.schulz@example.com,030-9012345,789 Kiefernpfad,Berlin,BE,10185
107,Yasmin,Martin,yasmin.martin@example.com,040-4321098,234 Tannenweg,Hamburg,HH,20257
108,Zacharias,Schmitt,zacharias.schmitt@example.com,089-1212121,567 Buchenstraße,München,BY,80339
109,Anna,Krüger,anna.krueger@example.com,030-9012345,789 Kieferngasse,Berlin,BE,10187
110,Benjamin,Werner,benjamin.werner@example.com,040-9876501,234 Eichenweg,Hamburg,HH,20259
111,Carolin,Schwarz,carolin.schwarz@example.com,089-1313131,567 Fichtenstraße,München,BY,80359
112,Daniel,Lehmann,daniel.lehmann@example.com,030-1234509,789 Buchenstraße,Berlin,BE,10189
113,Elisabeth,Hofmann,elisabeth.hofmann@example.com,040-6543210,234 Fichtenstraße,Hamburg,HH,20261
114,Frank,Baumgärtner,frank.baumgaertner@example.com,089-1414141,567 Ahornstraße,München,BY,80361
115,Gabriele,Herzog,gabriele.herzog@example.com,030-2345678,789 Lindenstraße,Berlin,BE,10191
116,Hans,Kühn,hans.kuehn@example.com,040-7654321,234 Kiefernpfad,Hamburg,HH,20263
117,Ingrid,Becker,ingrid.becker@example.com,089-1515151,567 Eichenweg,München,BY,80363
118,Jan,Weiss,jan.weiss@example.com,030-3456789,789 Tannenweg,Berlin,BE,10193
119,Katrin,Peter,katrin.peter@example.com,040-5432109,234 Buchenstraße,Hamburg,HH,20265
120,Lars,Meyer,lars.meyer@example.com,089-1616161,567 Kieferngasse,München,BY,80365
121,Maria,Schulze,maria.schulze@example.com,030-4567890,789 Ahornstraße,Berlin,BE,10195
122,Regina,Sommer,regina.sommer@example.com,040-4321098,234 Eichenweg,Hamburg,HH,20267
123,Sebastian,Hofmann,sebastian.hofmann@example.com,089-1717171,567 Fichtenstraße,München,BY,80367
124,Tina,Schneider,tina.schneider@example.com,030-5678901,789 Lindenstraße,Berlin,BE,10197
125,Ulrich,Wolf,ulrich.wolf@example.com,040-6543210,234 Kiefernpfad,Hamburg,HH,20269
126,Veronica,Lang,veronica.lang@example.com,089-1818181,567 Buchenstraße,München,BY,80369
127,Xaver,Schulz,xaver.schulz@example.com,030-9012345,789 Kiefernpfad,Berlin,BE,10179
128,Yasmin,Martin,yasmin.martin@example.com,040-5432109,234 Tannenweg,Hamburg,HH,20271
129,Zacharias,Schmitt,zacharias.schmitt@example.com,089-1919191,567 Eichenweg,München,BY,80371
130,Anna,Krüger,anna.krueger@example.com,030-1234567,789 Tannenweg,Berlin,BE,10181
131,Benjamin,Werner,benjamin.werner@example.com,040-6543210,234 Buchenstraße,Hamburg,HH,20273
132,Carolin,Schwarz,carolin.schwarz@example.com,089-2020202,567 Kieferngasse,München,BY,80373
133,Daniel,Lehmann,daniel.lehmann@example.com,030-3456789,789 Fichtenstraße,Berlin,BE,10183
134,Elisabeth,Hofmann,elisabeth.hofmann@example.com,040-5432109,234 Lindenstraße,Hamburg,HH,20275
135,Frank,Baumgärtner,frank.baumgaertner@example.com,089-2121212,567 Ahornstraße,München,BY,80375
136,Gabriele,Herzog,gabriele.herzog@example.com,030-4567890,789 Kiefernpfad,Berlin,BE,10185
137,Hans,Kühn,hans.kuehn@example.com,040-6543210,234 Eichenweg,Hamburg,HH,20277
138,Ingrid,Becker,ingrid.becker@example.com,089-2222222,567 Tannenweg,München,BY,80377
139,Jan,Weiss,jan.weiss@example.com,030-5678901,789 Buchenstraße,Berlin,BE,10187
140,Katrin,Peter,katrin.peter@example.com,040-7654321,234 Kieferngasse,Hamburg,HH,20279
141,Lars,Meyer,lars.meyer@example.com,089-2323232,567 Fichtenstraße,München,BY,80379
142,Maria,Schulze,maria.schulze@example.com,030-6789012,789 Ahornstraße,Berlin,BE,10189
143,Regina,Sommer,regina.sommer@example.com,040-5432109,234 Eichenweg,Hamburg,HH,20281
144,Sebastian,Hofmann,sebastian.hofmann@example.com,089-2424242,567 Kiefernpfad,München,BY,80381
145,Tina,Schneider,tina.schneider@example.com,030-7890123,789 Lindenstraße,Berlin,BE,10191
146,Ulrich,Wolf,ulrich.wolf@example.com,040-8765432,234 Kiefernpfad,Hamburg,HH,20283
147,Veronica,Lang,veronica.lang@example.com,089-2525252,567 Buchenstraße,München,BY,80383
148,Xaver,Schulz,xaver.schulz@example.com,030-8901234,789 Kiefernpfad,Berlin,BE,10193
149,Yasmin,Martin,yasmin.martin@example.com,040-9876543,234 Tannenweg,Hamburg,HH,20285
150,Zacharias,Schmitt,zacharias.schmitt@example.com,089-2626262,567 Eichenweg,München,BY,80385
151,Anna,Krüger,anna.krueger@example.com,030-9012345,789 Tannenweg,Berlin,BE,10195
152,Benjamin,Werner,benjamin.werner@example.com,040-8765432,234 Buchenstraße,Hamburg,HH,20287
153,Carolin,Schwarz,carolin.schwarz@example.com,089-2727272,567 Kieferngasse,München,BY,80387
154,Daniel,Lehmann,daniel.lehmann@example.com,030-9012345,789 Fichtenstraße,Berlin,BE,10197
155,Elisabeth,Hofmann,elisabeth.hofmann@example.com,040-5432109,234 Lindenstraße,Hamburg,HH,20289
156,Frank,Baumgärtner,frank.baumgaertner@example.com,089-2828282,567 Ahornstraße,München,BY,80389
157,Gabriele,Herzog,gabriele.herzog@example.com,030-1234509,789 Kiefernpfad,Berlin,BE,10199
158,Hans,Kühn,hans.kuehn@example.com,040-7654321,234 Eichenweg,Hamburg,HH,20291
159,Ingrid,Becker,ingrid.becker@example.com,089-2929292,567 Tannenweg,München,BY,80331
160,Jan,Weiss,jan.weiss@example.com,030-2345678,789 Buchenstraße,Berlin,BE,10243
161,Katrin,Peter,katrin.peter@example.com,040-6543210,234 Kieferngasse,Hamburg,HH,20293
162,Lars,Meyer,lars.meyer@example.com,089-3030303,567 Fichtenstraße,München,BY,80333
163,Maria,Schulze,maria.schulze@example.com,030-3456789,789 Ahornstraße,Berlin,BE,10245
164,Regina,Sommer,regina.sommer@example.com,040-7654321,234 Eichenweg,Hamburg,HH,20295
165,Sebastian,Hofmann,sebastian.hofmann@example.com,089-3131313,567 Kiefernpfad,München,BY,80335
166,Tina,Schneider,tina.schneider@example.com,030-4567890,789 Tannenweg,Berlin,BE,10247
167,Ulrich,Wolf,ulrich.wolf@example.com,040-5432109,234 Buchenstraße,Hamburg,HH,20297
168,Veronica,Lang,veronica.lang@example.com,089-3232323,567 Kiefernpfad,München,BY,80337
169,Xaver,Schulz,xaver.schulz@example.com,030-5678901,789 Fichtenstraße,Berlin,BE,10249
170,Yasmin,Martin,yasmin.martin@example.com,040-6543210,234 Lindenstraße,Hamburg,HH,20299
171,Zacharias,Schmitt,zacharias.schmitt@example.com,089-3333333,567 Ahornstraße,München,BY,80339
172,Anna,Krüger,anna.krueger@example.com,030-6789012,789 Kieferngasse,Berlin,BE,10243
173,Benjamin,Werner,benjamin.werner@example.com,040-7654321,234 Eichenweg,Hamburg,HH,20301
174,Carolin,Schwarz,carolin.schwarz@example.com,089-3434343,567 Tannenweg,München,BY,80331
175,Daniel,Lehmann,daniel.lehmann@example.com,030-7890123,789 Buchenstraße,Berlin,BE,10245
176,Elisabeth,Hofmann,elisabeth.hofmann@example.com,040-9876543,234 Kiefernpfad,Hamburg,HH,20303
177,Frank,Baumgärtner,frank.baumgaertner@example.com,089-3535353,567 Fichtenstraße,München,BY,80333
178,Gabriele,Herzog,gabriele.herzog@example.com,030-9012345,789 Ahornstraße,Berlin,BE,10247
179,Hans,Kühn,hans.kuehn@example.com,040-5432109,234 Lindenstraße,Hamburg,HH,20305
180,Ingrid,Becker,ingrid.becker@example.com,089-3636363,567 Kieferngasse,München,BY,80335
181,Jan,Weiss,jan.weiss@example.com,030-5678901,789 Kieferngasse,Berlin,BE,10249
182,Katrin,Peter,katrin.peter@example.com,040-4321098,234 Tannenweg,Hamburg,HH,20307
183,Lars,Meyer,lars.meyer@example.com,089-3737373,567 Ahornstraße,München,BY,80337
184,Maria,Schulze,maria.schulze@example.com,030-1234509,789 Fichtenstraße,Berlin,BE,10243
185,Regina,Sommer,regina.sommer@example.com,040-6543210,234 Kiefernpfad,Hamburg,HH,20309
186,Sebastian,Hofmann,sebastian.hofmann@example.com,089-3838383,567 Lindenstraße,München,BY,80339
187,Tina,Schneider,tina.schneider@example.com,030-2345678,789 Kieferngasse,Berlin,BE,10245
188,Ulrich,Wolf,ulrich.wolf@example.com,040-7654321,234 Ahornstraße,Hamburg,HH,20351
189,Veronica,Lang,veronica.lang@example.com,089-3939393,567 Buchenstraße,München,BY,80331
190,Xaver,Schulz,xaver.schulz@example.com,030-3456789,789 Tannenweg,Berlin,BE,10247
191,Yasmin,Martin,yasmin.martin@example.com,040-5432109,234 Kiefernpfad,Hamburg,HH,20354
192,Zacharias,Schmitt,zacharias.schmitt@example.com,089-4040404,567 Fichtenstraße,München,BY,80333
193,Anna,Krüger,anna.krueger@example.com,030-4567890,789 Ahornstraße,Berlin,BE,10249
194,Benjamin,Werner,benjamin.werner@example.com,040-6543210,234 Tannenweg,Hamburg,HH,20355
195,Carolin,Schwarz,carolin.schwarz@example.com,089-4141414,567 Kieferngasse,München,BY,80335
196,Daniel,Lehmann,daniel.lehmann@example.com,030-5678901,789 Lindenstraße,Berlin,BE,10255
197,Elisabeth,Hofmann,elisabeth.hofmann@example.com,040-7654321,234 Kiefernpfad,Hamburg,HH,20357
198,Frank,Baumgärtner,frank.baumgaertner@example.com,089-4242424,567 Buchenstraße,München,BY,80337
199,Gabriele,Herzog,gabriele.herzog@example.com,030-5678901,789 Kiefernpfad,Berlin,BE,10257
200,Hans,Kühn,hans.kuehn@example.com,040-6543210,234 Tannenweg,Hamburg,HH,20359