<?xml version="1.0" encoding="UTF-8"?>
<job id="batchProcessingJob" 
	xmlns="https://jakarta.ee/xml/ns/jakartaee"
	xmlns:xsi="http://www.w3.org/2001/XMLSchema-instance" 
	xsi:schemaLocation="https://jakarta.ee/xml/ns/jakartaee https://jakarta.ee/xml/ns/jakartaee/jobXML_2_0.xsd"
	version="2.0"
>
    <flow id="initializeFlow" next="addIsEliteHeroColumnFlow">
        <step id="myChunkStep">
            <chunk>
                <reader ref="de.mathema.batch.job.initializeFlow.MyItemReader"/>
                <processor ref="de.mathema.batch.job.initializeFlow.MyItemProcessor"/>
                <writer ref="de.mathema.batch.job.initializeFlow.MyItemWriter"/>
            </chunk>
        </step>
    </flow>

    <flow id="addIsEliteHeroColumnFlow" next="defineMembershipFlow">
        <step id="addIsEliteHeroColumnStep">
            <batchlet ref="de.mathema.batch.job.addColumnsFlow.BatchletAddIsEliteHeroColumn"/>
        </step>
    </flow>

    <flow id="defineMembershipFlow">
        <step id="defineMembershipStep">
            <chunk>
                <reader ref="de.mathema.batch.job.definePowerLevel10Heroes.DBItemReader"/>
                <processor ref="de.mathema.batch.job.definePowerLevel10Heroes.DBDefineEliteHeroProcessor"/>
                <writer ref="de.mathema.batch.job.definePowerLevel10Heroes.DBDefineEliteHeroWriter"/>
            </chunk>
        </step>
    </flow>
</job>
