1,Anna,Schmidt,anna.schmidt@example.com,030-1234567,123 Hauptstraße,Berlin,BE,10115,14.05.2000,12000
2,Benjamin,Koch,benjamin.koch@example.com,040-9876543,456 Eichenweg,Hamburg,HH,20095,17.02.2010,59000
3,Carolin,Wagner,carolin.wagner@example.com,089-5555555,789 Birkenweg,München,BY,80331,30.04.2020,9000
4,Daniel,Müller,daniel.mueller@example.com,030-2345678,234 Ahornstraße,Berlin,BE,10117,25.01.2015,50000
5,Elena,Becker,elena.becker@example.com,040-3456789,345 Buchenallee,Hamburg,HH,20096,12.11.2012,32000
6,Felix,Lehmann,felix.lehmann@example.com,089-8765432,567 Kastanienplatz,München,BY,80332,05.09.2018,75000
7,Greta,Schulz,greta.schulz@example.com,030-8765432,789 Ulmenstraße,Berlin,BE,10118,20.07.2017,44000
8,Henry,Wolf,harry.wolf@example.com,040-6543210,456 Erlenplatz,Hamburg,HH,20097,10.03.2016,61000
9,Isabella,Kaiser,isabella.kaiser@example.com,089-1234567,123 Lindenweg,München,BY,80333,18.01.2019,8900
10,Jonas,Neumann,jonas.neumann@example.com,030-2345678,234 Ahornallee,Berlin,BE,10119,02.06.2014,67000
11,Klara,Heinrich,klara.heinrich@example.com,040-5555555,555 Buchenplatz,Hamburg,HH,20098,14.09.2020,42000
12,Luis,Maier,luis.maier@example.com,089-9876543,345 Kirschstraße,München,BY,80334,27.12.2015,58000
13,Marie,Schuster,marie.schuster@example.com,030-7654321,789 Eichenplatz,Berlin,BE,10120,23.05.2013,49000
14,Noah,Kuhn,noah.kuhn@example.com,040-1234567,123 Birkenstraße,Hamburg,HH,20099,08.02.2016,69000
15,Olivia,Bayer,olivia.bayer@example.com,089-2345678,234 Ulmenweg,München,BY,80335,31.08.2011,78000
16,Paul,Herrmann,paul.herrmann@example.com,030-5555555,555 Kastanienplatz,Berlin,BE,10121,19.04.2010,37000
17,Quentin,Schneider,quentin.schneider@example.com,040-2345678,456 Ahornweg,Hamburg,HH,20100,07.07.2019,54000
18,Rosa,Frank,rosa.frank@example.com,089-8765432,789 Buchenstraße,München,BY,80336,12.12.2017,62000
19,Samuel,Lange,samuel.lange@example.com,030-9876543,987 Lindenplatz,Berlin,BE,10122,03.03.2016,42000
20,Tara,Vogel,tara.vogel@example.com,040-5555555,555 Eichenplatz,Hamburg,HH,20101,09.05.2014,73000
21,Clara,Huber,clara.huber@example.com,089-2345678,234 Kirschallee,München,BY,80337,25.09.2013,62000
22,Sebastian,Schwarz,sebastian.schwarz@example.com,030-6543210,654 Buchenplatz,Berlin,BE,10123,18.11.2019,78000
23,Stella,Günther,stella.gunther@example.com,040-1234567,123 Ahornstraße,Hamburg,HH,20102,06.04.2017,57000
24,Elias,Werner,elias.werner@example.com,089-3456789,345 Erlenweg,München,BY,80338,01.08.2018,68000
25,Mila,Neumann,mila.neumann@example.com,030-8765432,567 Ulmenplatz,Berlin,BE,10124,14.12.2015,69000
26,Finn,Schmitt,finn.schmitt@example.com,040-9876543,789 Kastanienweg,Hamburg,HH,20103,22.10.2018,54000
27,Lina,Krause,lina.krause@example.com,089-7654321,234 Buchenstraße,München,BY,80339,10.05.2014,67000
28,Leonie,Lang,leonie.lang@example.com,030-2345678,456 Lindenplatz,Berlin,BE,10125,29.07.2020,61000
29,Luca,Winkler,luca.winkler@example.com,040-8765432,789 Ulmenstraße,Hamburg,HH,20104,03.01.2019,45000
30,Lucas,Herrmann,lucas.herrmann@example.com,089-5555555,345 Ahornplatz,München,BY,80340,15.03.2015,75000
31,Sophie,Fuchs,sophie.fuchs@example.com,030-3210987,987 Kirschplatz,Berlin,BE,10126,20.09.2016,59000
32,Maximilian,Baumann,maximilian.baumann@example.com,040-5555555,555 Eichenallee,Hamburg,HH,20105,28.05.2012,68000
33,Emilie,Groß,emilie.gross@example.com,089-1234567,123 Birkenplatz,München,BY,80341,11.07.2018,44000
34,Jonathan,Steiner,jonathan.steiner@example.com,030-9876543,789 Ulmenplatz,Berlin,BE,10127,05.04.2015,70000
35,Emily,Wolf,emily.wolf@example.com,040-2345678,234 Kirschplatz,Hamburg,HH,20106,30.12.2017,56000
36,Louis,Schreiber,louis.schreiber@example.com,089-8765432,567 Erlenplatz,München,BY,80342,22.02.2016,68000
37,Hannah,Schuster,hannah.schuster@example.com,030-8765432,345 Ahornstraße,Berlin,BE,10128,14.01.2014,48000
38,Samuel,Lorenz,samuel.lorenz@example.com,040-3210987,987 Kastanienplatz,Hamburg,HH,20107,29.05.2019,72000
39,Elena,Kraus,elena.kraus@example.com,089-5555555,123 Lindenallee,München,BY,80343,01.03.2018,69000
40,Julian,Richter,julian.richter@example.com,030-5555555,345 Buchenplatz,Berlin,BE,10129,10.12.2016,54000
41,Luisa,Beck,luisa.beck@example.com,040-9876543,789 Eichenplatz,Hamburg,HH,20108,19.08.2017,61000
42,Leon,Koch,leon.koch@example.com,089-2345678,456 Ulmenweg,München,BY,80344,25.05.2013,53000
43,Laura,Götz,laura.goetz@example.com,030-7654321,654 Kastanienstraße,Berlin,BE,10130,07.06.2012,75000
44,Philipp,Klein,philipp.klein@example.com,040-8765432,123 Birkenweg,Hamburg,HH,20109,23.09.2015,67000
45,Amelie,Fischer,amelie.fischer@example.com,089-3210987,987 Kirschallee,München,BY,80345,03.03.2018,43000
46,David,Berger,david.berger@example.com,030-2345678,345 Ahornweg,Berlin,BE,10131,18.11.2014,61000
47,Emma,Sommer,emma.sommer@example.com,040-5555555,567 Buchenstraße,Hamburg,HH,20110,09.10.2017,74000
48,Erik,Becker,erik.becker@example.com,089-7654321,234 Lindenplatz,München,BY,80346,26.07.2016,50000
49,Julia,Wagner,julia.wagner@example.com,030-9876543,789 Eichenallee,Berlin,BE,10132,15.12.2015,78000
50,Oscar,Wolf,oscar.wolf@example.com,040-3210987,345 Ulmenstraße,Hamburg,HH,20111,28.04.2018,62000
51,Mia,Schmid,mia.schmid@example.com,089-2345678,567 Ahornallee,München,BY,80347,21.09.2014,69000
52,Max,Hofmann,max.hofmann@example.com,030-8765432,234 Buchenplatz,Berlin,BE,10133,10.08.2013,48000
53,Mara,Krause,mara.krause@example.com,040-2345678,789 Kastanienweg,Hamburg,HH,20112,05.02.2018,71000
54,Niklas,Lehmann,niklas.lehmann@example.com,089-5555555,345 Birkenplatz,München,BY,80348,30.07.2016,57000
55,Lina,Günther,lina.guenther@example.com,030-2345678,123 Ahornplatz,Berlin,BE,10134,18.04.2015,48000
56,Paul,Schreiber,paul.schreiber@example.com,040-5555555,567 Erlenstraße,Hamburg,HH,20113,12.11.2011,79000
57,Emily,Kühn,emily.kuehn@example.com,089-8765432,234 Kirschplatz,München,BY,80349,22.02.2017,53000
58,Matteo,Frank,matteo.frank@example.com,030-7654321,789 Buchenplatz,Berlin,BE,10135,09.09.2014,68000
59,Melina,Schuster,melina.schuster@example.com,040-2345678,345 Kastanienstraße,Hamburg,HH,20114,24.03.2012,73000
60,Liam,Werner,liam.werner@example.com,089-3210987,567 Ulmenweg,München,BY,80350,28.12.2013,61000
61,Lucia,Koch,lucia.koch@example.com,030-5555555,123 Birkenallee,Berlin,BE,10136,07.08.2018,45000
62,Leandro,Baumann,leandro.baumann@example.com,040-8765432,234 Lindenweg,Hamburg,HH,20115,16.11.2016,69000
63,Nina,Weber,nina.weber@example.com,089-2345678,789 Kirschstraße,München,BY,80351,03.04.2019,42000
64,Emilie,Klein,emilie.klein@example.com,030-1234567,345 Ahornallee,Berlin,BE,10137,20.05.2017,78000
65,Julian,Lang,julian.lang@example.com,040-5555555,567 Buchenweg,Hamburg,HH,20116,15.03.2014,58000
66,Emma,Maier,emma.maier@example.com,089-7654321,123 Eichenweg,München,BY,80352,25.07.2018,57000
67,David,Möller,david.moeller@example.com,030-3210987,234 Kastanienplatz,Berlin,BE,10138,02.11.2012,49000
68,Amelie,Berger,amelie.berger@example.com,040-5555555,789 Ulmenstraße,Hamburg,HH,20117,11.10.2013,52000
69,Paula,Hofmann,paula.hofmann@example.com,089-1234567,345 Ahornweg,München,BY,80353,28.08.2017,61000
70,Samuel,Hahn,samuel.hahn@example.com,030-2345678,567 Lindenplatz,Berlin,BE,10139,05.05.2015,69000
71,Lucy,Richter,lucy.richter@example.com,040-9876543,123 Kirschallee,Hamburg,HH,20118,18.09.2016,75000
72,Julius,Krüger,julius.krueger@example.com,089-5555555,234 Buchenplatz,München,BY,80354,21.03.2014,59000
73,Mara,Winkler,mara.winkler@example.com,030-8765432,789 Eichenstraße,Berlin,BE,10140,08.07.2018,67000
74,Elias,Schreiber,elias.schreiber@example.com,040-3210987,345 Birkenweg,Hamburg,HH,20119,16.12.2019,54000
75,Lea,Böhme,lea.boehme@example.com,089-2345678,567 Ulmenallee,München,BY,80355,14.06.2016,43000
76,Leon,Sommer,leon.sommer@example.com,030-7654321,123 Kastanienplatz,Berlin,BE,10141,23.04.2015,72000
77,Lina,Götz,lina.goetz@example.com,040-5555555,234 Erlenweg,Hamburg,HH,20120,09.03.2012,67000
78,Melina,Wolf,melina.wolf@example.com,089-8765432,789 Lindenstraße,München,BY,80356,27.01.2018,61000
79,Felix,Groß,felix.gross@example.com,030-2345678,345 Ahornallee,Berlin,BE,10142,11.10.2013,79000
80,Lea,Kühn,lea.kuehn@example.com,040-9876543,123 Buchenplatz,Hamburg,HH,20121,19.05.2011,55000
81,Hanna,Berger,hanna.berger@example.com,089-3210987,567 Eichenplatz,München,BY,80357,25.11.2017,73000
82,Moritz,Weiss,moritz.weiss@example.com,030-5555555,789 Ulmenstraße,Berlin,BE,10143,28.07.2016,42000
83,Emilia,Krüger,emilia.krueger@example.com,040-7654321,345 Kirschstraße,Hamburg,HH,20122,03.02.2018,62000
84,Paul,Schmitt,paul.schmitt@example.com,089-8765432,567 Ahornplatz,München,BY,80358,12.12.2015,69000
85,Matteo,Klein,matteo.klein@example.com,030-8765432,123 Erlenweg,Berlin,BE,10144,09.06.2014,55000
86,Emil,Götz,emil.goetz@example.com,040-1234567,789 Lindenplatz,Hamburg,HH,20123,27.10.2017,75000
87,Luisa,Beck,luisa.beck@example.com,089-5555555,345 Buchenweg,München,BY,80359,01.08.2016,57000
88,Louis,Mayer,louis.mayer@example.com,030-3210987,567 Kastanienstraße,Berlin,BE,10145,21.01.2018,44000
89,Finn,Winter,finn.winter@example.com,040-2345678,123 Ahornweg,Hamburg,HH,20124,11.09.2015,73000
90,Hannah,Hofmann,hannah.hofmann@example.com,089-7654321,789 Birkenplatz,München,BY,80360,18.04.2013,48000
91,Ella,Schwarz,ella.schwarz@example.com,030-5555555,345 Eichenstraße,Berlin,BE,10146,07.05.2018,72000
92,Noah,Herrmann,noah.herrmann@example.com,040-8765432,567 Buchenplatz,Hamburg,HH,20125,05.01.2012,62000
93,Mia,Koch,mia.koch@example.com,089-2345678,123 Ulmenplatz,München,BY,80361,29.03.2017,54000
94,Finn,Sommer,finn.sommer@example.com,030-2345678,345 Ahornweg,Berlin,BE,10147,16.12.2015,73000
95,Emma,Baumann,emma.baumann@example.com,040-3210987,567 Erlenstraße,Hamburg,HH,20126,12.11.2013,67000
96,Paul,Kraus,paul.kraus@example.com,089-9876543,789 Kirschallee,München,BY,80362,04.09.2012,61000
97,Amelie,Lorenz,amelie.lorenz@example.com,030-9876543,345 Buchenallee,Berlin,BE,10148,21.05.2014,79000
98,Erik,Horn,erik.horn@example.com,040-5555555,123 Kastanienplatz,Hamburg,HH,20127,18.02.2018,68000
99,Lea,Kühn,lea.kuehn@example.com,089-7654321,567 Ahornallee,München,BY,80363,08.07.2017,44000
100,Oscar,Winkler,oscar.winkler@example.com,030-3210987,789 Lindenweg,Berlin,BE,10149,23.11.2016,69000
101,Sophie,Fuchs,sophie.fuchs@example.com,040-5555555,345 Eichenweg,Hamburg,HH,20128,12.09.2015,48000
102,Maximilian,Baumann,maximilian.baumann@example.com,089-1234567,123 Ulmenallee,München,BY,80364,27.04.2018,73000
103,Emilia,Wolf,emilia.wolf@example.com,030-8765432,567 Kastanienplatz,Berlin,BE,10150,15.03.2016,62000
104,David,Kuhn,david.kuhn@example.com,040-3210987,345 Buchenplatz,Hamburg,HH,20129,09.12.2017,53000
105,Lina,Hofmann,lina.hofmann@example.com,089-2345678,123 Ahornstraße,München,BY,80365,03.06.2015,72000
106,Noah,Krause,noah.krause@example.com,030-9876543,789 Eichenplatz,Berlin,BE,10151,28.09.2018,59000
107,Sarah,Kaiser,sarah.kaiser@example.com,040-5555555,345 Ulmenplatz,Hamburg,HH,20130,15.08.2017,57000
108,Jonas,Maier,jonas.maier@example.com,089-7654321,123 Birkenstraße,München,BY,80366,22.05.2016,46000
109,Laura,Lehmann,laura.lehmann@example.com,030-2345678,567 Kirschweg,Berlin,BE,10152,18.12.2014,70000
110,Elena,Wagner,elena.wagner@example.com,040-8765432,789 Buchenallee,Hamburg,HH,20131,07.01.2019,62000
111,Moritz,Berger,moritz.berger@example.com,089-2345678,345 Ahornallee,München,BY,80367,24.08.2015,67000
112,Emilie,Groß,emilie.gross@example.com,030-3210987,123 Erlenstraße,Berlin,BE,10153,11.11.2013,75000
113,Liam,Winkler,liam.winkler@example.com,040-5555555,567 Lindenplatz,Hamburg,HH,20132,29.07.2018,54000
114,Lea,Böhme,lea.boehme@example.com,089-9876543,345 Kastanienstraße,München,BY,80368,16.02.2017,68000
115,Leon,Sommer,leon.sommer@example.com,030-2345678,123 Buchenplatz,Berlin,BE,10154,04.04.2016,46000
116,Lina,Götz,lina.goetz@example.com,040-5555555,567 Eichenweg,Hamburg,HH,20133,20.11.2014,71000
117,Matteo,Krause,matteo.krause@example.com,089-7654321,345 Birkenplatz,München,BY,80369,18.05.2012,69000
118,Melina,Lehmann,melina.lehmann@example.com,030-8765432,123 Ulmenplatz,Berlin,BE,10155,07.09.2019,57000
119,Niklas,Koch,niklas.koch@example.com,040-3210987,789 Ahornplatz,Hamburg,HH,20134,26.03.2016,44000
120,Lina,Schreiber,lina.schreiber@example.com,089-5555555,345 Kirschstraße,München,BY,80370,12.11.2018,61000
121,Oscar,Herrmann,oscar.herrmann@example.com,030-9876543,567 Erlenweg,Berlin,BE,10156,05.07.2017,49000
122,Emma,Schmidt,emma.schmidt@example.com,040-5555555,123 Ahornplatz,Hamburg,HH,20135,09.02.2015,79000
123,Felix,Schwarz,felix.schwarz@example.com,089-3210987,789 Birkenallee,München,BY,80371,18.10.2014,49000
124,Lea,Günther,lea.guenther@example.com,030-7654321,345 Kastanienweg,Berlin,BE,10157,26.08.2016,74000
125,Henry,Kühn,harry.kuehn@example.com,040-2345678,567 Eichenplatz,Hamburg,HH,20136,14.04.2014,66000
126,Isabella,Weber,isabella.weber@example.com,089-9876543,123 Ulmenstraße,München,BY,80372,21.12.2012,45000
127,Jonas,Kraus,jonas.kraus@example.com,030-5555555,345 Buchenstraße,Berlin,BE,10158,05.02.2019,65000
128,Klara,Wolf,klara.wolf@example.com,040-5555555,567 Lindenweg,Hamburg,HH,20137,10.09.2015,75000
129,Marie,Schuster,marie.schuster@example.com,089-2345678,789 Kirschallee,München,BY,80373,26.03.2013,48000
130,Noah,Kühn,noah.kuehn@example.com,030-9876543,345 Ahornplatz,Berlin,BE,10159,18.12.2014,67000
131,Olivia,Baumann,olivia.baumann@example.com,040-5555555,123 Buchenweg,Hamburg,HH,20138,03.07.2017,69000
132,Paul,Herrmann,paul.herrmann@example.com,089-1234567,567 Erlenstraße,München,BY,80374,15.05.2015,73000
133,Quentin,Schmidt,quentin.schmidt@example.com,030-7654321,789 Birkenstraße,Berlin,BE,10160,21.09.2012,57000
134,Rosa,Winkler,rosa.winkler@example.com,040-2345678,345 Ahornallee,Hamburg,HH,20139,29.04.2018,75000
135,Samuel,Schreiber,samuel.schreiber@example.com,089-3210987,123 Eichenweg,München,BY,80375,10.12.2016,51000
136,Elena,Sommer,elena.sommer@example.com,030-5555555,567 Kirschplatz,Berlin,BE,10161,04.06.2015,67000
137,Finn,Wolf,finn.wolf@example.com,040-5555555,789 Lindenallee,Hamburg,HH,20140,18.03.2014,69000
138,Lina,Koch,lina.koch@example.com,089-8765432,345 Kastanienstraße,München,BY,80376,26.09.2012,50000
139,Luca,Schmitt,luca.schmitt@example.com,030-2345678,123 Buchenplatz,Berlin,BE,10162,02.07.2018,47000
140,Lucas,Werner,lucas.werner@example.com,040-3210987,567 Eichenplatz,Hamburg,HH,20141,15.05.2016,49000
141,Sophie,Becker,sophie.becker@example.com,089-8765432,789 Ulmenplatz,München,BY,80377,21.01.2015,57000
142,Maximilian,Lange,maximilian.lange@example.com,030-9876543,345 Ahornweg,Berlin,BE,10163,26.11.2019,54000
143,Emilie,Günther,emilie.guenther@example.com,040-5555555,123 Kastanienplatz,Hamburg,HH,20142,12.09.2018,48000
144,Jonathan,Schulz,jonathan.schulz@example.com,089-2345678,567 Kirschstraße,München,BY,80378,27.02.2017,70000
145,Emily,Wolf,emily.wolf@example.com,030-7654321,789 Eichenplatz,Berlin,BE,10164,09.04.2015,55000
146,Louis,Schuster,louis.schuster@example.com,040-9876543,345 Buchenstraße,Hamburg,HH,20143,02.12.2013,62000
147,Lara,Maier,lara.maier@example.com,089-7654321,123 Ulmenstraße,München,BY,80379,15.06.2012,71000
148,Lena,Götz,lena.goetz@example.com,030-2345678,567 Ahornallee,Berlin,BE,10165,21.03.2017,43000
149,Max,Hoffmann,max.hoffmann@example.com,040-8765432,789 Lindenplatz,Hamburg,HH,20144,28.11.2016,75000
150,Mila,Berger,mila.berger@example.com,089-5555555,345 Kirschallee,München,BY,80380,05.10.2015,52000
151,Lina,Baumann,lina.baumann@example.com,030-5555555,123 Buchenplatz,Berlin,BE,10166,12.07.2014,78000
152,Luisa,Winkler,luisa.winkler@example.com,040-3210987,567 Erlenweg,Hamburg,HH,20145,09.02.2018,61000
153,Lucas,Hahn,lucas.hahn@example.com,089-2345678,789 Birkenstraße,München,BY,80381,03.12.2017,72000
154,Lara,Krause,lara.krause@example.com,030-9876543,345 Kastanienweg,Berlin,BE,10167,21.09.2016,69000
155,Ella,Berger,ella.berger@example.com,040-5555555,123 Ahornstraße,Hamburg,HH,20146,15.05.2015,44000
156,Sarah,Huber,sarah.huber@example.com,089-7654321,567 Lindenallee,München,BY,80382,09.02.2014,78000
157,Jonas,Richter,jonas.richter@example.com,030-3210987,789 Eichenplatz,Berlin,BE,10168,05.11.2018,75000
158,Paul,Winter,paul.winter@example.com,040-8765432,345 Buchenallee,Hamburg,HH,20147,28.09.2016,53000
159,Emilia,Hofmann,emilia.hofmann@example.com,089-5555555,123 Ulmenweg,München,BY,80383,25.05.2015,70000
160,David,Baumann,david.baumann@example.com,030-5555555,567 Kirschplatz,Berlin,BE,10169,19.03.2014,75000
161,Sophie,Lang,sophie.lang@example.com,040-2345678,789 Ahornstraße,Hamburg,HH,20148,22.07.2013,67000
162,Liam,Beck,liam.beck@example.com,089-9876543,345 Eichenplatz,München,BY,80384,09.02.2019,48000
163,Lucia,Götz,lucia.goetz@example.com,030-8765432,123 Kastanienplatz,Berlin,BE,10170,14.04.2016,44000
164,Leandro,Krüger,leandro.krueger@example.com,040-5555555,567 Buchenstraße,Hamburg,HH,20149,27.01.2018,52000
165,Nina,Weber,nina.weber@example.com,089-2345678,789 Lindenweg,München,BY,80385,05.12.2015,57000
166,Emilie,Klein,emilie.klein@example.com,030-7654321,345 Ahornplatz,Berlin,BE,10171,10.03.2014,68000
167,Julian,Lang,julian.lang@example.com,040-5555555,123 Birkenweg,Hamburg,HH,20150,17.11.2017,53000
168,Emma,Maier,emma.maier@example.com,089-3210987,567 Ulmenplatz,München,BY,80386,25.09.2015,49000
169,David,Möller,david.moeller@example.com,030-9876543,789 Kirschallee,Berlin,BE,10172,18.07.2014,48000
170,Amelie,Berger,amelie.berger@example.com,040-5555555,345 Kastanienweg,Hamburg,HH,20151,09.05.2013,75000
171,Paula,Hofmann,paula.hofmann@example.com,089-2345678,123 Eichenstraße,München,BY,80387,30.03.2012,73000
172,Samuel,Hahn,samuel.hahn@example.com,030-7654321,567 Ahornallee,Berlin,BE,10173,22.01.2018,57000
173,Lucy,Richter,lucy.richter@example.com,040-9876543,789 Buchenplatz,Hamburg,HH,20152,15.09.2016,54000
174,Julius,Krüger,julius.krueger@example.com,089-8765432,345 Ulmenstraße,München,BY,80388,02.07.2015,71000
175,Mara,Winkler,mara.winkler@example.com,030-3210987,123 Kastanienstraße,Berlin,BE,10174,27.04.2014,42000
176,Elias,Schreiber,elias.schreiber@example.com,040-5555555,567 Erlenweg,Hamburg,HH,20153,18.12.2013,69000
177,Lea,Böhme,lea.boehme@example.com,089-2345678,789 Birkenstraße,München,BY,80389,10.10.2018,53000
178,Leon,Sommer,leon.sommer@example.com,030-9876543,345 Lindenplatz,Berlin,BE,10175,05.08.2017,75000
179,Lina,Götz,lina.goetz@example.com,040-3210987,123 Ahornweg,Hamburg,HH,20154,21.06.2016,72000
180,Melina,Wolf,melina.wolf@example.com,089-8765432,567 Kirschstraße,München,BY,80390,17.04.2015,56000
181,Felix,Groß,felix.gross@example.com,030-5555555,789 Buchenplatz,Berlin,BE,10176,12.02.2014,47000
182,Lea,Kühn,lea.kuehn@example.com,040-9876543,123 Eichenplatz,Hamburg,HH,20155,03.11.2013,73000
183,Hanna,Berger,hanna.berger@example.com,089-3210987,567 Ulmenplatz,München,BY,80391,28.09.2012,57000
184,Moritz,Weiss,moritz.weiss@example.com,030-5555555,789 Kastanienweg,Berlin,BE,10177,26.07.2011,66000
185,Emilia,Krüger,emilia.krueger@example.com,040-3210987,123 Birkenplatz,Hamburg,HH,20156,17.05.2015,75000
186,Paul,Schmitt,paul.schmitt@example.com,089-2345678,567 Eichenstraße,München,BY,80392,10.03.2014,71000
187,Matteo,Klein,matteo.klein@example.com,030-7654321,789 Ahornstraße,Berlin,BE,10178,29.01.2019,54000
188,Emil,Götz,emil.goetz@example.com,040-8765432,123 Ulmenplatz,Hamburg,HH,20157,11.11.2017,46000
189,Luisa,Beck,luisa.beck@example.com,089-5555555,567 Kirschallee,München,BY,80393,04.09.2016,68000
190,Louis,Mayer,louis.mayer@example.com,030-3210987,789 Buchenstraße,Berlin,BE,10179,01.06.2015,72000
191,Finn,Winter,finn.winter@example.com,040-2345678,123 Erlenweg,Hamburg,HH,20158,17.03.2014,44000
192,Hannah,Hofmann,hannah.hofmann@example.com,089-7654321,567 Kastanienstraße,München,BY,80394,09.01.2013,48000
193,Ella,Schwarz,ella.schwarz@example.com,030-5555555,789 Kirschstraße,Berlin,BE,10180,27.07.2018,53000
194,Noah,Herrmann,noah.herrmann@example.com,040-8765432,123 Buchenplatz,Hamburg,HH,20159,22.05.2017,67000
195,Mia,Koch,mia.koch@example.com,089-2345678,567 Erlenstraße,München,BY,80395,15.12.2016,45000
196,Finn,Sommer,finn.sommer@example.com,030-9876543,789 Ulmenstraße,Berlin,BE,10181,03.09.2015,76000
197,Emma,Baumann,emma.baumann@example.com,040-5555555,123 Ahornplatz,Hamburg,HH,20160,20.08.2014,44000
198,Paul,Kraus,paul.kraus@example.com,089-9876543,567 Kastanienweg,München,BY,80396,10.04.2013,72000
199,Amelie,Lorenz,amelie.lorenz@example.com,030-5555555,789 Lindenallee,Berlin,BE,10182,23.12.2012,66000
200,Erik,Horn,erik.horn@example.com,040-5555555,123 Eichenplatz,Hamburg,HH,20161,14.10.2011,55000
