<?xml version="1.0" encoding="UTF-8"?>
<job id="batchProcessingJob" 
	xmlns="https://jakarta.ee/xml/ns/jakartaee"
	xmlns:xsi="http://www.w3.org/2001/XMLSchema-instance" 
	xsi:schemaLocation="https://jakarta.ee/xml/ns/jakartaee https://jakarta.ee/xml/ns/jakartaee/jobXML_2_0.xsd"
	version="2.0"
>
    <flow id="initializeFlow" next="addZipColumnFlow">
        <step id="myChunkStep">
            <chunk>
                <reader ref="de.mathema.batch.job.initializeFlow.MyItemReader"/>
                <processor ref="de.mathema.batch.job.initializeFlow.MyItemProcessor"/>
                <writer ref="de.mathema.batch.job.initializeFlow.MyItemWriter"/>
            </chunk>
        </step>
    </flow>

    <flow id="addZipColumnFlow" next="defineMembershipFlow">
        <step id="addZipColumnStep">
            <batchlet ref="de.mathema.batch.job.BatchletAddIsEliteHeroColumn"/>
        </step>
    </flow>

    <flow id="defineMembershipFlow" next="hasEliteAvengerFlow">
        <step id="defineMembershipStep">
            <chunk>
                <reader ref="de.mathema.batch.job.definePowerLevel10Heroes.DBItemReader"/>
                <processor ref="de.mathema.batch.job.definePowerLevel10Heroes.DBDefineEliteHeroProcessor"/>
                <writer ref="de.mathema.batch.job.definePowerLevel10Heroes.DBDefineEliteHeroWriter"/>
            </chunk>
        </step>
    </flow>

    <decision id="hasEliteAvengerFlow"
              ref="de.mathema.batch.job.decision.EliteHeroesOrEliteAvengersDecider">
        <next on="ELITE_AVENGERS_ASSEMBLE" to="selectEliteAvengersFlow"/>
        <next on="SELECT_ELITE_HEROES" to="selectEliteHeroesFlow"/>
    </decision>

    <flow id="selectEliteAvengersFlow">
        <step id="selectEliteAvengersStep">
            <batchlet ref="de.mathema.batch.job.selectEliteAvengersFlow.SelectEliteAvengersBatchlet"/>
        </step>
    </flow>

    <flow id="selectEliteHeroesFlow">
        <step id="selectEliteHeroesStep">
            <batchlet ref="de.mathema.batch.job.selectEliteHeroesFlow.SelectEliteHeroesBatchlet"/>
        </step>
    </flow>
</job>
